<?xml version="1.0" encoding="UTF-8" standalone="no"?><DespatchAdvice xmlns="urn:oasis:names:specification:ubl:schema:xsd:DespatchAdvice-2" xmlns:cac="urn:oasis:names:specification:ubl:schema:xsd:CommonAggregateComponents-2" xmlns:cbc="urn:oasis:names:specification:ubl:schema:xsd:CommonBasicComponents-2" xmlns:ds="http://www.w3.org/2000/09/xmldsig#" xmlns:ext="urn:oasis:names:specification:ubl:schema:xsd:CommonExtensionComponents-2"><ext:UBLExtensions><ext:UBLExtension><ext:ExtensionContent><PlaceholderSignature/><ds:Signature>
<ds:SignedInfo>
<ds:CanonicalizationMethod Algorithm="http://www.w3.org/2001/10/xml-exc-c14n#"/>
<ds:SignatureMethod Algorithm="http://www.w3.org/2001/04/xmldsig-more#rsa-sha256"/>
<ds:Reference URI="">
<ds:Transforms>
<ds:Transform Algorithm="http://www.w3.org/2000/09/xmldsig#enveloped-signature"/>
<ds:Transform Algorithm="http://www.w3.org/2001/10/xml-exc-c14n#"/>
</ds:Transforms>
<ds:DigestMethod Algorithm="http://www.w3.org/2001/04/xmlenc#sha256"/>
<ds:DigestValue>j1wyEvJujKT3SYve5DUObP9CiEKXTv4CwBRD/yuwvDc=</ds:DigestValue>
</ds:Reference>
</ds:SignedInfo>
<ds:SignatureValue>
eUnmKbsCZXqKyl3oX7T9stYuu3Cw792zZZ9cVImU9P7xjpPwrY5/AQSxUn5AoPwpb/ug7p0dLv/M&#13;
vpDe+sCOdElkoCC1Z8kjWX/cG049vUMJSOQ3utNmZ4R5Mif7N1TVturp4ArgCrKaSKvFNISs0E+F&#13;
m8nYZg3YPqkgmojMK1rc/GHSTimaWT9tJ0jN199Poo5dbiO0oDhvpVfEjsafao8L1DSyp/TGXCmg&#13;
Aa07q1wHrfGoktioLiJnZvV5fjmvvsL+CYrHOKtkt4EWUrGWQB+/xTPtGSTIbTQHFDYt4fWy3mxe&#13;
beRayDM5iieU8t3vgNtJh3oYJ7iWSlNmUbJNmA==
</ds:SignatureValue>
<ds:KeyInfo>
<ds:X509Data>
<ds:X509Certificate>
MIIDozCCAougAwIBAgIUHRBz+ovLr6Y0dJ3Zi7GY2uOj/D4wDQYJKoZIhvcNAQELBQAwejELMAkG&#13;
A1UEBhMCUEUxDjAMBgNVBAgMBVRBQ05BMQ4wDAYDVQQHDAVUQUNOQTELMAkGA1UECgwCVEkxCzAJ&#13;
BgNVBAsMAlRJMQswCQYDVQQDDAJUSTEkMCIGCSqGSIb3DQEJARYVc290b19uZXh0QGhvdG1haWwu&#13;
Y29tMB4XDTI1MDQxMzIzMDYzOFoXDTI2MDQxMzIzMDYzOFowejELMAkGA1UEBhMCUEUxDjAMBgNV&#13;
BAgMBVRBQ05BMQ4wDAYDVQQHDAVUQUNOQTELMAkGA1UECgwCVEkxCzAJBgNVBAsMAlRJMQswCQYD&#13;
VQQDDAJUSTEkMCIGCSqGSIb3DQEJARYVc290b19uZXh0QGhvdG1haWwuY29tMIIBIjANBgkqhkiG&#13;
9w0BAQEFAAOCAQ8AMIIBCgKCAQEAozDLT1XmxQYvbGt1R2eRgp8lO0E6iYYAU1dxzMsZKu66PGzg&#13;
GMBHRGJF4uAPeRLQpjrHFv8/3WHpYcRcqkofYr+y8xHfuo0ki2iy2ZF9Yf5kT7d/SKV3XAY25JXR&#13;
Vo20T7VV1rVNNBbJdcu1S7eZ1G3HohaOE4buRyviunl3Tmy7KMRrqBfXPvo3d6OyB/EQdrBj3qC0&#13;
RmO9jeLEAt8LQF/AfgQXN4o5Z8OKiVtQermUE0nV7jcm+ODjKi77FCaQjAFH3LatQm1PO0eTPyDx&#13;
+xoLPmP90vfG2/55Q5XyI4D/JCkUnMFQfgfnEZg7y5TPmKwCXabtpSLUXAqIBUPZ9QIDAQABoyEw&#13;
HzAdBgNVHQ4EFgQUXWbsOOov83Dw40EznXxfMeIq/eAwDQYJKoZIhvcNAQELBQADggEBAB2iuH5q&#13;
uSfzO3MOMW0ofa2tO2ekSG8X8Al0FzpuknjsQF6xXZjgkGwrevRKh6zBQ7KIepOIIQwGRz0HOJBD&#13;
MbSlMpDc5nLUCOl4Ds0ykvZ61eiEaaVMHZh9i75IMzS3OIQq62Ob+ArseI4i5p3DfL3l7Hyqic1t&#13;
6FDuAb2vUiHeNtdvQr5legTdCwfSOpgluZqPTuOprTaLN9o8ll9YYHahxiA1eVc0Oyi1Nlq1rfpb&#13;
yAbRHFWOJTDri3HwlztygzK/sF1rZxZSVUXr5h9iIpQYcV60xvPRWllQE3Gq9z4dI9lZKD4Eopwo&#13;
f+QxotsBqN7nnLZLyDiVDYVDpweKFp4=
</ds:X509Certificate>
</ds:X509Data>
<ds:KeyValue>
<ds:RSAKeyValue>
<ds:Modulus>ozDLT1XmxQYvbGt1R2eRgp8lO0E6iYYAU1dxzMsZKu66PGzgGMBHRGJF4uAPeRLQpjrHFv8/3WHp&#13;
YcRcqkofYr+y8xHfuo0ki2iy2ZF9Yf5kT7d/SKV3XAY25JXRVo20T7VV1rVNNBbJdcu1S7eZ1G3H&#13;
ohaOE4buRyviunl3Tmy7KMRrqBfXPvo3d6OyB/EQdrBj3qC0RmO9jeLEAt8LQF/AfgQXN4o5Z8OK&#13;
iVtQermUE0nV7jcm+ODjKi77FCaQjAFH3LatQm1PO0eTPyDx+xoLPmP90vfG2/55Q5XyI4D/JCkU&#13;
nMFQfgfnEZg7y5TPmKwCXabtpSLUXAqIBUPZ9Q==</ds:Modulus>
<ds:Exponent>AQAB</ds:Exponent>
</ds:RSAKeyValue>
</ds:KeyValue>
</ds:KeyInfo>
</ds:Signature></ext:ExtensionContent></ext:UBLExtension></ext:UBLExtensions><cbc:UBLVersionID>2.1</cbc:UBLVersionID><cbc:CustomizationID>1.0</cbc:CustomizationID><cbc:ID>T001-00012345</cbc:ID><cbc:IssueDate>2026-01-23</cbc:IssueDate><cbc:DespatchAdviceTypeCode>09</cbc:DespatchAdviceTypeCode><cbc:Note>Traslado entre establecimientos de la misma empresa</cbc:Note><cac:DespatchSupplierParty><cac:Party><cac:PartyIdentification><cbc:ID schemeID="6">20519857538</cbc:ID></cac:PartyIdentification><cac:PartyLegalEntity><cbc:RegistrationName>TECNOLOGIA INFORMATICA EMPRESA INDIVIDUAL DE RESPONSABILIDAD LIMITADA</cbc:RegistrationName></cac:PartyLegalEntity></cac:Party></cac:DespatchSupplierParty><cac:DeliveryCustomerParty><cac:Party><cac:PartyIdentification><cbc:ID schemeID="6">20519857538</cbc:ID></cac:PartyIdentification><cac:PartyLegalEntity><cbc:RegistrationName>TECNOLOGIA INFORMATICA EMPRESA INDIVIDUAL DE RESPONSABILIDAD LIMITADA</cbc:RegistrationName></cac:PartyLegalEntity></cac:Party></cac:DeliveryCustomerParty><cac:Shipment><cbc:ID>1</cbc:ID><cbc:HandlingCode>01</cbc:HandlingCode><cbc:GrossWeightMeasure unitCode="KGM">5</cbc:GrossWeightMeasure><cbc:TotalTransportHandlingUnitQuantity>1</cbc:TotalTransportHandlingUnitQuantity><cbc:HandlingInstructions>Traslado entre establecimientos de la misma empresa</cbc:HandlingInstructions><cac:ShipmentStage><cbc:TransportModeCode>01</cbc:TransportModeCode><cac:CarrierParty><cac:PartyIdentification><cbc:ID schemeID="6">20609523957</cbc:ID></cac:PartyIdentification><cac:PartyName><cbc:Name>EMPRESA DE TRANSPORTES PANAMERICANA SUR MOTAC SOCIEDAD ANONIMA</cbc:Name></cac:PartyName></cac:CarrierParty><cac:TransportMeans><cac:RoadTransport><cbc:LicensePlateID>AAA-123</cbc:LicensePlateID></cac:RoadTransport></cac:TransportMeans></cac:ShipmentStage><cac:Delivery><cac:DeliveryAddress><cbc:StreetName>CAL. CALLE MIGUEL GRAU NRO. 535 (SIGNADO CON LA LETRA B)</cbc:StreetName><cbc:District>MOQUEGUA</cbc:District><cbc:CityName>MARISCAL NIETO</cbc:CityName><cbc:CountrySubentity>MOQUEGUA</cbc:CountrySubentity><cac:Country><cbc:IdentificationCode>PE</cbc:IdentificationCode></cac:Country></cac:DeliveryAddress></cac:Delivery><cac:OriginAddress><cbc:StreetName>AV. CORONEL MENDOZA NRO. 1945 INT. K367 AS.C.C</cbc:StreetName><cbc:District>TACNA</cbc:District><cbc:CityName>TACNA</cbc:CityName><cbc:CountrySubentity>TACNA</cbc:CountrySubentity><cac:Country><cbc:IdentificationCode>PE</cbc:IdentificationCode></cac:Country></cac:OriginAddress></cac:Shipment><cac:DespatchLine><cbc:ID>1</cbc:ID><cbc:DeliveredQuantity unitCode="NIU">1</cbc:DeliveredQuantity><cac:OrderLineReference><cbc:LineID>1</cbc:LineID></cac:OrderLineReference><cac:Item><cbc:Description>NBG LOQ 15 I7-13 12 512 V6G FR SERIE N: 1S83DV00FHLMMP2T3HJA</cbc:Description><cac:SellersItemIdentification><cbc:ID>NBLEN83DV00F</cbc:ID></cac:SellersItemIdentification></cac:Item></cac:DespatchLine><cac:DespatchLine><cbc:ID>2</cbc:ID><cbc:DeliveredQuantity unitCode="NIU">1</cbc:DeliveredQuantity><cac:OrderLineReference><cbc:LineID>2</cbc:LineID></cac:OrderLineReference><cac:Item><cbc:Description>TECLADO GAMER USB TE4068 BK</cbc:Description><cac:SellersItemIdentification><cbc:ID>ITEM-002</cbc:ID></cac:SellersItemIdentification></cac:Item></cac:DespatchLine></DespatchAdvice>