<?xml version="1.0" encoding="ISO-8859-1" standalone="no"?><DespatchAdvice xmlns="urn:oasis:names:specification:ubl:schema:xsd:DespatchAdvice-2" xmlns:cac="urn:oasis:names:specification:ubl:schema:xsd:CommonAggregateComponents-2" xmlns:cbc="urn:oasis:names:specification:ubl:schema:xsd:CommonBasicComponents-2" xmlns:ccts="urn:un:unece:uncefact:documentation:2" xmlns:cts="urn:carvajal:names:specification:ubl:peru:schema:xsd:CarvajalAggregateComponents-1" xmlns:ds="http://www.w3.org/2000/09/xmldsig#" xmlns:ext="urn:oasis:names:specification:ubl:schema:xsd:CommonExtensionComponents-2"><ext:UBLExtensions><ext:UBLExtension><ext:ExtensionContent><cts:AdditionalDocumentInformation><cts:Header><cts:PDFTemplate>GR377R</cts:PDFTemplate><cts:AdditionalProperty><cts:ID>0001</cts:ID><cts:Value>T7204190</cts:Value></cts:AdditionalProperty><cts:AdditionalProperty><cts:ID>0010</cts:ID><cts:Value>RECOGE EN AGENCIA(DNI:00480929)</cts:Value></cts:AdditionalProperty><cts:AdditionalProperty><cts:ID>0011</cts:ID><cts:Value>RECOGE: Sim�n Jes�s Cuchapari Callata CON DNI 00480929</cts:Value></cts:AdditionalProperty><cts:AdditionalProperty><cts:ID>0012</cts:ID><cts:Value>CUALQUIER COORD: Carmen edith SOTO saira SOTO_NEXT@HOTMAIL.COM 969337457</cts:Value></cts:AdditionalProperty></cts:Header></cts:AdditionalDocumentInformation></ext:ExtensionContent></ext:UBLExtension><ext:UBLExtension><ext:ExtensionContent><Signature xmlns="http://www.w3.org/2000/09/xmldsig#" Id="SignatureSP"><SignedInfo><CanonicalizationMethod Algorithm="http://www.w3.org/TR/2001/REC-xml-c14n-20010315"/><SignatureMethod Algorithm="http://www.w3.org/2000/09/xmldsig#rsa-sha1"/><Reference URI=""><Transforms><Transform Algorithm="http://www.w3.org/2000/09/xmldsig#enveloped-signature"/></Transforms><DigestMethod Algorithm="http://www.w3.org/2000/09/xmldsig#sha1"/><DigestValue>gdXUEtcue2sT9qhuxzDN7Bh12x8=</DigestValue></Reference></SignedInfo><SignatureValue>aDEY+Pg6eIvzsHur0t714zz/cwGGPjWT4RrXNFdrOm6etLaV22I4ZQkAUT812hdwiz7B0mOxi2dh&#13;
MdxyYznxrYkUODdGO6azIXvb9h67e+iUrNm6r+K0Rt466QoCsnjzFp2Wea+FUWTI75IwZQtKFIgU&#13;
XM/QQSfhBKgl6QkDt4vA1nkAR+4N94HVlHWT0KkAQuVO/Cq4I1RCqyi4FzmRoafhtA2dEI6J05e/&#13;
lxh1YjjM0Yp81ruGLIJZkMs3RD2zhq4j/OOaOs2QICGaGXi1MK9mjnvvc4NmnZjqlxZXpwNCkS7b&#13;
D8UvVVp8b2tXFwlcfeUt1wWFGmp7LoE3+QW5BQ==</SignatureValue><KeyInfo><X509Data><X509SubjectName>1.2.840.113549.1.9.1=#1615736f746f5f6e65787440686f746d61696c2e636f6d,CN=TI,OU=TI,O=TI,L=TACNA,ST=TACNA,C=PE</X509SubjectName><X509Certificate>MIIDozCCAougAwIBAgIUHRBz+ovLr6Y0dJ3Zi7GY2uOj/D4wDQYJKoZIhvcNAQELBQAwejELMAkG&#13;
A1UEBhMCUEUxDjAMBgNVBAgMBVRBQ05BMQ4wDAYDVQQHDAVUQUNOQTELMAkGA1UECgwCVEkxCzAJ&#13;
BgNVBAsMAlRJMQswCQYDVQQDDAJUSTEkMCIGCSqGSIb3DQEJARYVc290b19uZXh0QGhvdG1haWwu&#13;
Y29tMB4XDTI1MDQxMzIzMDYzOFoXDTI2MDQxMzIzMDYzOFowejELMAkGA1UEBhMCUEUxDjAMBgNV&#13;
BAgMBVRBQ05BMQ4wDAYDVQQHDAVUQUNOQTELMAkGA1UECgwCVEkxCzAJBgNVBAsMAlRJMQswCQYD&#13;
VQQDDAJUSTEkMCIGCSqGSIb3DQEJARYVc290b19uZXh0QGhvdG1haWwuY29tMIIBIjANBgkqhkiG&#13;
9w0BAQEFAAOCAQ8AMIIBCgKCAQEAozDLT1XmxQYvbGt1R2eRgp8lO0E6iYYAU1dxzMsZKu66PGzg&#13;
GMBHRGJF4uAPeRLQpjrHFv8/3WHpYcRcqkofYr+y8xHfuo0ki2iy2ZF9Yf5kT7d/SKV3XAY25JXR&#13;
Vo20T7VV1rVNNBbJdcu1S7eZ1G3HohaOE4buRyviunl3Tmy7KMRrqBfXPvo3d6OyB/EQdrBj3qC0&#13;
RmO9jeLEAt8LQF/AfgQXN4o5Z8OKiVtQermUE0nV7jcm+ODjKi77FCaQjAFH3LatQm1PO0eTPyDx&#13;
+xoLPmP90vfG2/55Q5XyI4D/JCkUnMFQfgfnEZg7y5TPmKwCXabtpSLUXAqIBUPZ9QIDAQABoyEw&#13;
HzAdBgNVHQ4EFgQUXWbsOOov83Dw40EznXxfMeIq/eAwDQYJKoZIhvcNAQELBQADggEBAB2iuH5q&#13;
uSfzO3MOMW0ofa2tO2ekSG8X8Al0FzpuknjsQF6xXZjgkGwrevRKh6zBQ7KIepOIIQwGRz0HOJBD&#13;
MbSlMpDc5nLUCOl4Ds0ykvZ61eiEaaVMHZh9i75IMzS3OIQq62Ob+ArseI4i5p3DfL3l7Hyqic1t&#13;
6FDuAb2vUiHeNtdvQr5legTdCwfSOpgluZqPTuOprTaLN9o8ll9YYHahxiA1eVc0Oyi1Nlq1rfpb&#13;
yAbRHFWOJTDri3HwlztygzK/sF1rZxZSVUXr5h9iIpQYcV60xvPRWllQE3Gq9z4dI9lZKD4Eopwo&#13;
f+QxotsBqN7nnLZLyDiVDYVDpweKFp4=</X509Certificate></X509Data></KeyInfo></Signature></ext:ExtensionContent></ext:UBLExtension></ext:UBLExtensions><cbc:UBLVersionID>2.1</cbc:UBLVersionID><cbc:CustomizationID>1.0</cbc:CustomizationID><cbc:ID>T001-00012345</cbc:ID><cbc:IssueDate>2026-01-23</cbc:IssueDate><cbc:IssueTime>01:37:00</cbc:IssueTime><cbc:DespatchAdviceTypeCode listAgencyName="PE:SUNAT" listName="Tipo de Documento" listURI="urn:pe:gob:sunat:cpe:see:gem:catalogos:catalogo01">09</cbc:DespatchAdviceTypeCode><cbc:Note>Traslado entre establecimientos de la misma empresa</cbc:Note><cac:AdditionalDocumentReference><cbc:ID>F001-00003232</cbc:ID><cbc:DocumentTypeCode listAgencyName="PE:SUNAT" listName="Documento relacionado al transporte" listURI="urn:pe:gob:sunat:cpe:see:gem:catalogos:catalogo61">01</cbc:DocumentTypeCode><cbc:DocumentType>Factura</cbc:DocumentType><cac:IssuerParty><cac:PartyIdentification><cbc:ID schemeAgencyName="PE:SUNAT" schemeID="6" schemeName="Documento de Identidad" schemeURI="urn:pe:gob:sunat:cpe:see:gem:catalogos:catalogo06">20519857538</cbc:ID></cac:PartyIdentification></cac:IssuerParty></cac:AdditionalDocumentReference><cac:Signature><cbc:ID>SignatureSP</cbc:ID><cac:SignatoryParty><cac:PartyIdentification><cbc:ID schemeAgencyName="PE:SUNAT" schemeID="6" schemeName="Documento de Identidad" schemeURI="urn:pe:gob:sunat:cpe:see:gem:catalogos:catalogo06">20519857538</cbc:ID></cac:PartyIdentification><cac:PartyName><cbc:Name>TECNOLOGIA INFORMATICA EMPRESA INDIVIDUAL DE RESPONSABILIDAD LIMITADA</cbc:Name></cac:PartyName></cac:SignatoryParty><cac:DigitalSignatureAttachment><cac:ExternalReference><cbc:URI>#SignatureSP</cbc:URI></cac:ExternalReference></cac:DigitalSignatureAttachment></cac:Signature><cac:DespatchSupplierParty><cac:Party><cac:PartyIdentification><cbc:ID schemeAgencyName="PE:SUNAT" schemeID="6" schemeName="Documento de Identidad" schemeURI="urn:pe:gob:sunat:cpe:see:gem:catalogos:catalogo06">20519857538</cbc:ID></cac:PartyIdentification><cac:PartyLegalEntity><cbc:RegistrationName>TECNOLOGIA INFORMATICA EMPRESA INDIVIDUAL DE RESPONSABILIDAD LIMITADA</cbc:RegistrationName><cac:RegistrationAddress><cbc:CityName>TACNA</cbc:CityName><cbc:CountrySubentity>TACNA</cbc:CountrySubentity><cbc:District>TACNA</cbc:District><cac:AddressLine><cbc:Line>AV. CORONEL MENDOZA NRO. 1945 INT. K367 AS.C.C TACNA TACNA TACNA</cbc:Line></cac:AddressLine><cac:Country><cbc:IdentificationCode listAgencyName="United Nations Economic Commission for Europe" listID="ISO 3166-1" listName="Country">PE</cbc:IdentificationCode></cac:Country></cac:RegistrationAddress></cac:PartyLegalEntity></cac:Party></cac:DespatchSupplierParty><cac:DeliveryCustomerParty><cac:Party><cac:PartyIdentification><cbc:ID schemeAgencyName="PE:SUNAT" schemeID="6" schemeName="Documento de Identidad" schemeURI="urn:pe:gob:sunat:cpe:see:gem:catalogos:catalogo06">20519857538</cbc:ID></cac:PartyIdentification><cac:PartyLegalEntity><cbc:RegistrationName>TECNOLOGIA INFORMATICA EMPRESA INDIVIDUAL DE RESPONSABILIDAD LIMITADA</cbc:RegistrationName><cac:RegistrationAddress><cbc:CityName>MARISCAL NIETO</cbc:CityName><cbc:CountrySubentity>MOQUEGUA</cbc:CountrySubentity><cbc:District>MOQUEGUA</cbc:District><cac:AddressLine><cbc:Line>CAL. CALLE MIGUEL GRAU NRO. 535 (SIGNADO CON LA LETRA B) MARISCAL NIETO MOQUEGUA MOQUEGUA</cbc:Line></cac:AddressLine><cac:Country><cbc:IdentificationCode listAgencyName="United Nations Economic Commission for Europe" listID="ISO 3166-1" listName="Country">PE</cbc:IdentificationCode></cac:Country></cac:RegistrationAddress></cac:PartyLegalEntity></cac:Party></cac:DeliveryCustomerParty><cac:Shipment><cbc:ID>1</cbc:ID><cbc:HandlingCode listAgencyName="PE:SUNAT" listName="Motivo de Traslado" listURI="urn:pe:gob:sunat:cpe:see:gem:catalogos:catalogo20">01</cbc:HandlingCode><cbc:GrossWeightMeasure unitCode="KGM">5</cbc:GrossWeightMeasure><cbc:TotalTransportHandlingUnitQuantity>1</cbc:TotalTransportHandlingUnitQuantity><cac:ShipmentStage><cbc:TransportModeCode listAgencyName="PE:SUNAT" listName="Modalidad de Transporte" listURI="urn:pe:gob:sunat:cpe:see:gem:catalogos:catalogo18">01</cbc:TransportModeCode><cac:TransitPeriod><cbc:StartDate>2026-01-22</cbc:StartDate></cac:TransitPeriod><cac:CarrierParty><cac:PartyIdentification><cbc:ID schemeAgencyName="PE:SUNAT" schemeID="6" schemeName="Documento de Identidad" schemeURI="urn:pe:gob:sunat:cpe:see:gem:catalogos:catalogo06">20609523957</cbc:ID></cac:PartyIdentification><cac:PartyName><cbc:Name>EMPRESA DE TRANSPORTES PANAMERICANA SUR MOTAC SOCIEDAD ANONIMA</cbc:Name></cac:PartyName></cac:CarrierParty><cac:TransportMeans><cac:RoadTransport><cbc:LicensePlateID>AAA-123</cbc:LicensePlateID></cac:RoadTransport></cac:TransportMeans></cac:ShipmentStage><cac:Delivery><cac:DeliveryAddress><cac:AddressLine><cbc:Line>CAL. CALLE MIGUEL GRAU NRO. 535 (SIGNADO CON LA LETRA B) MARISCAL NIETO MOQUEGUA MOQUEGUA</cbc:Line></cac:AddressLine></cac:DeliveryAddress></cac:Delivery></cac:Shipment><cac:DespatchLine><cbc:ID>1</cbc:ID><cbc:DeliveredQuantity unitCode="NIU" unitCodeListAgencyName="United Nations Economic Commission for Europe" unitCodeListID="UN/ECE rec 20">1</cbc:DeliveredQuantity><cac:OrderLineReference><cbc:LineID>1</cbc:LineID></cac:OrderLineReference><cac:Item><cbc:Description>NBG LOQ 15 I7-13 12 512 V6G FR SERIE N: 1S83DV00FHLMMP2T3HJA</cbc:Description><cac:SellersItemIdentification><cbc:ID>NBLEN83DV00F</cbc:ID></cac:SellersItemIdentification></cac:Item></cac:DespatchLine><cac:DespatchLine><cbc:ID>2</cbc:ID><cbc:DeliveredQuantity unitCode="NIU" unitCodeListAgencyName="United Nations Economic Commission for Europe" unitCodeListID="UN/ECE rec 20">1</cbc:DeliveredQuantity><cac:OrderLineReference><cbc:LineID>2</cbc:LineID></cac:OrderLineReference><cac:Item><cbc:Description>TECLADO GAMER USB TE4068 BK</cbc:Description><cac:SellersItemIdentification><cbc:ID>ITEM-002</cbc:ID></cac:SellersItemIdentification></cac:Item></cac:DespatchLine></DespatchAdvice>