<?xml version="1.0" encoding="UTF-8" standalone="no"?><DespatchAdvice xmlns="urn:oasis:names:specification:ubl:schema:xsd:DespatchAdvice-2" xmlns:cac="urn:oasis:names:specification:ubl:schema:xsd:CommonAggregateComponents-2" xmlns:cbc="urn:oasis:names:specification:ubl:schema:xsd:CommonBasicComponents-2" xmlns:ds="http://www.w3.org/2000/09/xmldsig#" xmlns:ext="urn:oasis:names:specification:ubl:schema:xsd:CommonExtensionComponents-2"><ext:UBLExtensions><ext:UBLExtension><ext:ExtensionContent><ds:Signature>
<ds:SignedInfo>
<ds:CanonicalizationMethod Algorithm="http://www.w3.org/2001/10/xml-exc-c14n#"/>
<ds:SignatureMethod Algorithm="http://www.w3.org/2001/04/xmldsig-more#rsa-sha256"/>
<ds:Reference URI="">
<ds:Transforms>
<ds:Transform Algorithm="http://www.w3.org/2000/09/xmldsig#enveloped-signature"/>
<ds:Transform Algorithm="http://www.w3.org/2001/10/xml-exc-c14n#"/>
</ds:Transforms>
<ds:DigestMethod Algorithm="http://www.w3.org/2001/04/xmlenc#sha256"/>
<ds:DigestValue>ojkD9A3jQsFkTtbFIijJmcLlhFCHTqw3OwnbaNNDGc4=</ds:DigestValue>
</ds:Reference>
</ds:SignedInfo>
<ds:SignatureValue>
IJRBmzEgvWUv8WRTsZ46oKwJN4OvIxcb1et0WWZqM08jA6XlENnQyFAedPDhiMkoLGoTTcXJMKmu&#13;
jGRPoNNXGiNJ2eHnQ0LgwKbP2eBuLmKJ5qZyhmyMSAKW+vNtzqr++EKzWhzS+o/dqHXb4t6EXYo6&#13;
7QLr54LO+6uacrc1ZMrdb7pKkgGUxnMU8IUDBzaBugIQAIJ9dz0JUT62bjjeRAZnsYLeYyly498g&#13;
9VJpIPXuwPpw+rHadvxnBcSXRhpgfMG6k8c9PXGOz7G9zNx/lrFGSA7qMcUqRYlM+j+l5RjsMx/Q&#13;
ftSI5Iw84RwqUPnmcVUX4aB0TLTgX7SmXa811g==
</ds:SignatureValue>
<ds:KeyInfo>
<ds:X509Data>
<ds:X509Certificate>
MIIDozCCAougAwIBAgIUHRBz+ovLr6Y0dJ3Zi7GY2uOj/D4wDQYJKoZIhvcNAQELBQAwejELMAkG&#13;
A1UEBhMCUEUxDjAMBgNVBAgMBVRBQ05BMQ4wDAYDVQQHDAVUQUNOQTELMAkGA1UECgwCVEkxCzAJ&#13;
BgNVBAsMAlRJMQswCQYDVQQDDAJUSTEkMCIGCSqGSIb3DQEJARYVc290b19uZXh0QGhvdG1haWwu&#13;
Y29tMB4XDTI1MDQxMzIzMDYzOFoXDTI2MDQxMzIzMDYzOFowejELMAkGA1UEBhMCUEUxDjAMBgNV&#13;
BAgMBVRBQ05BMQ4wDAYDVQQHDAVUQUNOQTELMAkGA1UECgwCVEkxCzAJBgNVBAsMAlRJMQswCQYD&#13;
VQQDDAJUSTEkMCIGCSqGSIb3DQEJARYVc290b19uZXh0QGhvdG1haWwuY29tMIIBIjANBgkqhkiG&#13;
9w0BAQEFAAOCAQ8AMIIBCgKCAQEAozDLT1XmxQYvbGt1R2eRgp8lO0E6iYYAU1dxzMsZKu66PGzg&#13;
GMBHRGJF4uAPeRLQpjrHFv8/3WHpYcRcqkofYr+y8xHfuo0ki2iy2ZF9Yf5kT7d/SKV3XAY25JXR&#13;
Vo20T7VV1rVNNBbJdcu1S7eZ1G3HohaOE4buRyviunl3Tmy7KMRrqBfXPvo3d6OyB/EQdrBj3qC0&#13;
RmO9jeLEAt8LQF/AfgQXN4o5Z8OKiVtQermUE0nV7jcm+ODjKi77FCaQjAFH3LatQm1PO0eTPyDx&#13;
+xoLPmP90vfG2/55Q5XyI4D/JCkUnMFQfgfnEZg7y5TPmKwCXabtpSLUXAqIBUPZ9QIDAQABoyEw&#13;
HzAdBgNVHQ4EFgQUXWbsOOov83Dw40EznXxfMeIq/eAwDQYJKoZIhvcNAQELBQADggEBAB2iuH5q&#13;
uSfzO3MOMW0ofa2tO2ekSG8X8Al0FzpuknjsQF6xXZjgkGwrevRKh6zBQ7KIepOIIQwGRz0HOJBD&#13;
MbSlMpDc5nLUCOl4Ds0ykvZ61eiEaaVMHZh9i75IMzS3OIQq62Ob+ArseI4i5p3DfL3l7Hyqic1t&#13;
6FDuAb2vUiHeNtdvQr5legTdCwfSOpgluZqPTuOprTaLN9o8ll9YYHahxiA1eVc0Oyi1Nlq1rfpb&#13;
yAbRHFWOJTDri3HwlztygzK/sF1rZxZSVUXr5h9iIpQYcV60xvPRWllQE3Gq9z4dI9lZKD4Eopwo&#13;
f+QxotsBqN7nnLZLyDiVDYVDpweKFp4=
</ds:X509Certificate>
</ds:X509Data>
<ds:KeyValue>
<ds:RSAKeyValue>
<ds:Modulus>ozDLT1XmxQYvbGt1R2eRgp8lO0E6iYYAU1dxzMsZKu66PGzgGMBHRGJF4uAPeRLQpjrHFv8/3WHp&#13;
YcRcqkofYr+y8xHfuo0ki2iy2ZF9Yf5kT7d/SKV3XAY25JXRVo20T7VV1rVNNBbJdcu1S7eZ1G3H&#13;
ohaOE4buRyviunl3Tmy7KMRrqBfXPvo3d6OyB/EQdrBj3qC0RmO9jeLEAt8LQF/AfgQXN4o5Z8OK&#13;
iVtQermUE0nV7jcm+ODjKi77FCaQjAFH3LatQm1PO0eTPyDx+xoLPmP90vfG2/55Q5XyI4D/JCkU&#13;
nMFQfgfnEZg7y5TPmKwCXabtpSLUXAqIBUPZ9Q==</ds:Modulus>
<ds:Exponent>AQAB</ds:Exponent>
</ds:RSAKeyValue>
</ds:KeyValue>
</ds:KeyInfo>
</ds:Signature></ext:ExtensionContent></ext:UBLExtension></ext:UBLExtensions><cbc:UBLVersionID>2.1</cbc:UBLVersionID><cbc:CustomizationID>1.0</cbc:CustomizationID><cbc:ID>T001-00012345</cbc:ID><cbc:IssueDate>2025-05-15</cbc:IssueDate><cbc:DespatchAdviceTypeCode>09</cbc:DespatchAdviceTypeCode><cbc:Note>VENTA</cbc:Note><cac:DespatchSupplierParty><cac:Party><cac:PartyIdentification><cbc:ID>20601234567</cbc:ID></cac:PartyIdentification><cac:PartyLegalEntity><cbc:RegistrationName>COMERCIALIZADORA XYZ S.A.C.</cbc:RegistrationName></cac:PartyLegalEntity></cac:Party></cac:DespatchSupplierParty><cac:DeliveryCustomerParty><cac:Party><cac:PartyIdentification><cbc:ID>20567890123</cbc:ID></cac:PartyIdentification><cac:PartyLegalEntity><cbc:RegistrationName>CLIENTE DESTINO S.A.C.</cbc:RegistrationName></cac:PartyLegalEntity></cac:Party></cac:DeliveryCustomerParty><cac:Shipment><cbc:ID>1</cbc:ID><cbc:HandlingCode>VENTA</cbc:HandlingCode><cbc:GrossWeightMeasure unitCode="KGM">1.0</cbc:GrossWeightMeasure><cac:ShipmentStage><cbc:TransportModeCode>01</cbc:TransportModeCode><cac:CarrierParty><cac:PartyIdentification><cbc:ID>20123456789</cbc:ID></cac:PartyIdentification><cac:PartyName><cbc:Name>TRANSPORTES PERU EXPRESS S.A.</cbc:Name></cac:PartyName></cac:CarrierParty><cac:TransportMeans><cac:RoadTransport><cbc:LicensePlateID>ABC-123</cbc:LicensePlateID></cac:RoadTransport></cac:TransportMeans></cac:ShipmentStage><cac:Delivery><cac:DeliveryAddress><cbc:ID>AV. INDUSTRIAL 456, AREQUIPA - AREQUIPA</cbc:ID></cac:DeliveryAddress></cac:Delivery><cac:OriginAddress><cbc:ID>AV. LOS JARDINES 123, LIMA - LIMA - ATE</cbc:ID></cac:OriginAddress></cac:Shipment><cac:DespatchLine><cbc:ID>1</cbc:ID><cbc:DeliveredQuantity unitCode="NIU">2</cbc:DeliveredQuantity><cac:OrderLineReference><cbc:LineID>1</cbc:LineID></cac:OrderLineReference><cac:Item><cbc:Description>LAPTOP LENOVO CORE i5</cbc:Description></cac:Item></cac:DespatchLine><cac:DespatchLine><cbc:ID>2</cbc:ID><cbc:DeliveredQuantity unitCode="NIU">1</cbc:DeliveredQuantity><cac:OrderLineReference><cbc:LineID>2</cbc:LineID></cac:OrderLineReference><cac:Item><cbc:Description>MONITOR SAMSUNG 24''</cbc:Description></cac:Item></cac:DespatchLine></DespatchAdvice>