{
  "organization": {
    "id": 1,
    "name": "TESTING ORGANIZATION",
    "status": "ACTIVE",
    "createdAt": "2025-11-17T09:21:00.904Z",
    "updatedAt": "2025-11-17T09:21:00.904Z",
    "plan": null,
    "subscriptionStatus": null
  },
  "companies": [
    {
      "id": 1,
      "organizationId": 1,
      "name": "Probando Esto",
      "legalName": "Probando Esto",
      "taxId": "20393903290",
      "status": "ACTIVE",
      "sunatEnvironment": "BETA",
      "sunatRuc": "20393903290",
      "sunatBusinessName": "Probando Esto",
      "sunatAddress": "Vamos a Probar que tal queda",
      "sunatPhone": null,
      "sunatContactEmail": null,
      "logoUrl": null,
      "primaryColor": null,
      "secondaryColor": null,
      "sunatSolUserBeta": null,
      "sunatSolPasswordBeta": null,
      "sunatCertPathBeta": null,
      "sunatKeyPathBeta": null,
      "sunatSolUserProd": null,
      "sunatSolPasswordProd": null,
      "sunatCertPathProd": null,
      "sunatKeyPathProd": null,
      "sunatCertificateNotes": null,
      "createdAt": "2025-11-17T09:21:23.311Z",
      "updatedAt": "2025-12-01T11:27:30.453Z"
    }
  ],
  "members": [],
  "invoices": []
}